1	https://ryan-johnson.com/
2	https://padilla.info/
3	https://www.edwards-travis.info/
4	https://johnson.com/
5	https://anderson-boyd.org/
6	https://martin.com/
7	http://white.org/
8	http://www.sandoval-sanders.info/
9	http://www.williams-glenn.biz/
10	https://dyer.com/
11	https://www.reese-sanchez.org/
12	https://keller-clarke.com/
13	https://daniels.biz/
14	http://hill-lucas.com/
15	http://wilkins.com/
16	https://www.sanchez.com/
17	http://howard.com/
18	http://www.boyd.biz/
19	http://www.harris-miller.com/
20	http://thompson.info/
21	https://gutierrez-turner.com/
22	https://www.murphy.info/
23	http://hall.com/
24	https://www.phillips-clayton.com/
25	https://www.duran.biz/
26	http://powers.biz/
27	https://payne-george.com/
28	http://www.williams-berry.biz/
29	https://long.com/
30	http://dickerson.org/
31	http://www.sparks.com/
32	http://riley-johnson.com/
33	https://www.jones.com/
34	https://jacobs.com/
35	http://lane-freeman.info/
36	https://hernandez-taylor.com/
37	http://www.morrow.com/
38	http://www.knight.info/
39	http://www.alexander.com/
40	https://www.bates-frost.com/
41	http://www.cunningham.com/
42	https://www.cisneros.net/
43	https://www.hughes.com/
44	https://elliott.net/
45	http://www.fields.com/
46	https://alvarez-wiley.com/
47	http://johnson.com/
48	http://thompson.com/
49	http://baker.net/
50	http://brown-jackson.com/
51	http://www.smith-cole.com/
52	https://clayton.com/
53	http://martinez.com/
54	http://www.blair.biz/
55	http://richards.biz/
56	https://obrien.org/
57	https://www.alvarez.com/
58	http://www.parks-frost.biz/
59	http://www.lowe.com/
60	http://gibson.net/
61	https://romero.com/
62	https://www.mclean.com/
63	https://www.waller.org/
64	https://young.com/
65	https://www.brown.org/
66	http://jacobs-wilson.org/
67	http://brown.info/
68	https://www.jones.biz/
69	https://noble.com/
70	http://www.mason.org/
71	https://www.gonzales.com/
72	https://conrad.com/
73	http://www.owen.net/
74	https://www.brown-freeman.com/
75	http://www.montgomery.com/
76	https://clark-bush.com/
77	https://www.bailey-bowman.com/
78	http://campbell.com/
79	https://www.stout.info/
80	https://www.monroe.net/
81	http://www.estrada-kim.com/
82	http://www.sullivan.org/
83	http://www.carr.info/
84	https://www.roberts.org/
85	https://robbins.net/
86	http://www.moore.info/
87	http://www.bell-vasquez.com/
88	http://www.russo.com/
89	http://sanders-garcia.com/
90	https://mitchell-lambert.com/
91	http://www.williamson.com/
92	https://www.conrad-lee.com/
93	https://hester-ellis.com/
94	http://www.brown-ramirez.com/
95	http://rogers.com/
96	https://www.miller-hooper.com/
97	http://www.rasmussen.biz/
98	https://hicks-martinez.net/
99	http://www.swanson.com/
100	https://foster.com/
